zone,county,zone_type,zip,members,median_drive_miles_to_pcp,median_drive_miles_to_retail_pharmacy,retail_pharmacies_within_15mi,public_transit,members_reporting_no_vehicle_pct,missed_appointment_rate_pct,missed_rate_vs_metro,analyst_note
Cascade Metro Core,Cascade,Metro,98710,24600,2.1,0.8,64,Yes,14,6.9,0.9,"Simulated, fictional data for executive education. Not real PHI. Missed = no-show or same-day cancellation, primary care and imaging, Jul 2025 to Jun 2026. Drive miles are median member-to-site road distance."
Cascade North,Cascade,Metro,98722,14210,3.4,1.6,31,Yes,9,7.3,1.0,
Cascade South,Cascade,Metro,98731,13330,3.9,1.9,27,Yes,10,7.7,1.0,
Bellmont Central,Bellmont,Suburban,98740,15960,4.6,2.3,22,Yes,7,7.6,1.0,
Bellmont East,Bellmont,Suburban,98746,3980,7.8,4.1,9,Limited,8,8.4,1.1,
Orchard Valley,Orchard,Suburban,98760,8940,5.2,2.7,12,Limited,9,8.0,1.1,
Bellmont Ridge,Bellmont,Rural edge,98751,1864,17.5,9.8,2,No,17,14.1,1.9,
Orchard Hills,Orchard,Rural edge,98797,3384,22.4,18.6,0,No,21,16.6,2.2,No retail pharmacy within 15 miles of the ZIP centroid.
Granite Falls,Granite,Rural edge,98782,5710,19.0,11.2,3,Dial-a-ride only,16,14.6,2.0,
Granite Upper,Granite,Rural edge,98794,2822,26.8,21.3,0,No,24,17.7,2.4,No retail pharmacy within 15 miles of the ZIP centroid.
Metro and suburban total,All,Metro/suburban,,81020,3.7,1.8,,,,7.4,1.0,
Rural edge total,All,Rural edge,,13780,21.2,14.9,,,,15.7,2.1,Rural edge members miss scheduled appointments at 2.1x the metro and suburban rate.
