primary_reason,respondents,pct_of_respondents,rated_customer_service_good_or_excellent_pct,analyst_note
Could not get an appointment / waits too long,387,27.4,88,"Simulated, fictional data for executive education. Not real PHI. Voluntary disenrollment exit survey, plan year 2025: 6,920 voluntary disenrollees (7.3% of average membership); 1,412 responded (20.4%). Primary reason only. Leading reason for the second straight year (24.9% in 2024)."
Moved out of the service area,199,14.1,90,
Premium or out-of-pocket cost,167,11.8,85,
Preferred doctor not in network,150,10.6,83,
Competitor plan offered richer extra benefits,140,9.9,87,Dental and over-the-counter allowance most cited.
Prescription drug coverage or formulary,102,7.2,81,
Transportation to appointments or pharmacy,79,5.6,86,78% of these respondents live in rural edge ZIPs.
Dissatisfied with quality of care,61,4.3,79,
Problems with plan customer service,30,2.1,41,
Billing or premium payment problems,25,1.8,62,
Other / not stated,72,5.2,84,
All respondents,1412,100.0,86,86% of leavers rated plan customer service good or excellent; Net Promoter Score for member services staff among leavers was +38.
